timestamp,project_name,run_id,experiment_id,duration,emissions,emissions_rate,cpu_power,gpu_power,ram_power,cpu_energy,gpu_energy,ram_energy,energy_consumed,country_name,country_iso_code,region,cloud_provider,cloud_region,os,python_version,codecarbon_version,cpu_count,cpu_model,gpu_count,gpu_model,longitude,latitude,ram_total_size,tracking_mode,on_cloud,pue
2025-08-07T10:50:31,dask-benchmark,2e646874-c4b2-4806-a3e2-d62e87d47250,dask_R1729_0fa92701,1.0016694529913366,7.718996065659506e-08,7.706131042139577e-08,1.8123776000000005,0.0,10.0,2.520800824642712e-07,0.0,1.3902595059739217e-06,1.6423395884381928e-06,Canada,CAN,,gcp,northamerica-northeast2,Linux-6.8.0-1032-gcp-x86_64-with-glibc2.35,3.10.12,3.0.4,2,Intel(R) Xeon(R) CPU @ 2.60GHz,,,,,15.61648178100586,machine,Y,1.0
2025-08-07T10:50:33,dask-benchmark,0ca7f1ff-e5c3-4d38-bb9a-dc1e0e21fda9,dask_R1729_0fa92701,1.0022194031625986,7.688919379883593e-08,7.671892357721748e-08,1.7550872000000004,0.0,10.0,2.4435327136595e-07,0.0,1.3915870222263038e-06,1.6359402935922535e-06,Canada,CAN,,gcp,northamerica-northeast2,Linux-6.8.0-1032-gcp-x86_64-with-glibc2.35,3.10.12,3.0.4,2,Intel(R) Xeon(R) CPU @ 2.60GHz,,,,,15.61648178100586,machine,Y,1.0
2025-08-07T10:50:35,dask-benchmark,2ca027d9-23ce-4e89-9bca-b3b5a2455758,dask_R1729_0fa92701,1.0023902379907668,7.655237761465185e-08,7.636983553241367e-08,1.7000000000000002,0.0,10.0,2.36775652899976e-07,0.0,1.391998338901127e-06,1.6287739918011034e-06,Canada,CAN,,gcp,northamerica-northeast2,Linux-6.8.0-1032-gcp-x86_64-with-glibc2.35,3.10.12,3.0.4,2,Intel(R) Xeon(R) CPU @ 2.60GHz,,,,,15.61648178100586,machine,Y,1.0
2025-08-07T10:50:38,dask-benchmark,1c5a022a-cb68-4d56-a700-4769d1a3dbdc,dask_R1729_0fa92701,1.002136874012649,7.600407369707043e-08,7.58420088792293e-08,1.6214057,0.0,10.0,2.2572814804804665e-07,0.0,1.3913798029534518e-06,1.6171079510014985e-06,Canada,CAN,,gcp,northamerica-northeast2,Linux-6.8.0-1032-gcp-x86_64-with-glibc2.35,3.10.12,3.0.4,2,Intel(R) Xeon(R) CPU @ 2.60GHz,,,,,15.61648178100586,machine,Y,1.0
2025-08-07T10:50:40,dask-benchmark,ec85391e-377c-4c2f-9e96-1c5c5eb3102a,dask_R1729_0fa92701,1.0024689990095794,7.572448802295445e-08,7.553798481326487e-08,1.5716375,0.0,10.0,2.1894107219327026e-07,0.0,1.3922182474440583e-06,1.6111593196373288e-06,Canada,CAN,,gcp,northamerica-northeast2,Linux-6.8.0-1032-gcp-x86_64-with-glibc2.35,3.10.12,3.0.4,2,Intel(R) Xeon(R) CPU @ 2.60GHz,,,,,15.61648178100586,machine,Y,1.0
2025-08-07T10:50:42,dask-benchmark,16cf028f-36b6-47f3-86fe-a7433962c691,dask_R1729_0fa92701,1.00239777402021,7.467685390240747e-08,7.449822399635723e-08,1.4133248,0.0,10.0,1.968503211841186e-07,0.0,1.3920189107819975e-06,1.5888692319661165e-06,Canada,CAN,,gcp,northamerica-northeast2,Linux-6.8.0-1032-gcp-x86_64-with-glibc2.35,3.10.12,3.0.4,2,Intel(R) Xeon(R) CPU @ 2.60GHz,,,,,15.61648178100586,machine,Y,1.0
2025-08-07T10:50:44,dask-benchmark,0ff8dec7-2f80-4557-a65c-94c962381c01,dask_R1729_0fa92701,1.002508165081963,7.355293673406889e-08,7.336891538240526e-08,1.2403734848,0.0,10.0,1.7279462515275574e-07,0.0,1.392161475572114e-06,1.56495610072487e-06,Canada,CAN,,gcp,northamerica-northeast2,Linux-6.8.0-1032-gcp-x86_64-with-glibc2.35,3.10.12,3.0.4,2,Intel(R) Xeon(R) CPU @ 2.60GHz,,,,,15.61648178100586,machine,Y,1.0
2025-08-07T10:50:46,dask-benchmark,105207d2-f7ad-4b7d-9183-49ff9c8d97f8,dask_R1729_0fa92701,1.0024440370034426,7.278784552350503e-08,7.261038306047108e-08,1.1248497152,0.0,10.0,1.5667910577968568e-07,0.0,1.3919984585502083e-06,1.548677564329894e-06,Canada,CAN,,gcp,northamerica-northeast2,Linux-6.8.0-1032-gcp-x86_64-with-glibc2.35,3.10.12,3.0.4,2,Intel(R) Xeon(R) CPU @ 2.60GHz,,,,,15.61648178100586,machine,Y,1.0
2025-08-07T10:50:48,dask-benchmark,e934fe13-d2af-4d86-8370-e1452991093a,dask_R1729_0fa92701,1.0024205879308283,7.207033814888755e-08,7.18963068163368e-08,1.0144952,0.0,10.0,1.4130966118646877e-07,0.0,1.392101788789862e-06,1.5334114499763308e-06,Canada,CAN,,gcp,northamerica-northeast2,Linux-6.8.0-1032-gcp-x86_64-with-glibc2.35,3.10.12,3.0.4,2,Intel(R) Xeon(R) CPU @ 2.60GHz,,,,,15.61648178100586,machine,Y,1.0
2025-08-07T10:50:50,dask-benchmark,6ab0679c-8bc0-4813-aa26-e3c801d94584,dask_R1729_0fa92701,1.0021340809762478,7.155421615001092e-08,7.140183884406469e-08,0.9417176000000004,0.0,10.0,1.3110269474336094e-07,0.0,1.3913274361079352e-06,1.522430130851296e-06,Canada,CAN,,gcp,northamerica-northeast2,Linux-6.8.0-1032-gcp-x86_64-with-glibc2.35,3.10.12,3.0.4,2,Intel(R) Xeon(R) CPU @ 2.60GHz,,,,,15.61648178100586,machine,Y,1.0
2025-08-07T10:50:53,dask-benchmark,f800aa6a-35e5-49ba-bbff-e9dc37ab5d85,dask_R1729_0fa92701,1.0023889979347589,7.495593683990153e-08,7.477729403887581e-08,1.4561000000000002,0.0,10.0,2.0280743092142642e-07,0.0,1.391999735884989e-06,1.5948071668064155e-06,Canada,CAN,,gcp,northamerica-northeast2,Linux-6.8.0-1032-gcp-x86_64-with-glibc2.35,3.10.12,3.0.4,2,Intel(R) Xeon(R) CPU @ 2.60GHz,,,,,15.61648178100586,machine,Y,1.0
2025-08-07T10:50:55,dask-benchmark,aabe9090-1e9d-436f-ad5a-0144f5a2184a,dask_R1729_0fa92701,1.0020818021148443,7.391508627912273e-08,7.376152937128344e-08,1.2962311999999998,0.0,10.0,1.8055701564128485e-07,0.0,1.3921043945528157e-06,1.5726614101941003e-06,Canada,CAN,,gcp,northamerica-northeast2,Linux-6.8.0-1032-gcp-x86_64-with-glibc2.35,3.10.12,3.0.4,2,Intel(R) Xeon(R) CPU @ 2.60GHz,,,,,15.61648178100586,machine,Y,1.0
2025-08-07T10:50:57,dask-benchmark,650d58a3-e98c-4154-9e7b-9b45672f9744,dask_R1729_0fa92701,1.0024007589090616,7.304706746733965e-08,7.287211907824034e-08,1.1647016,0.0,10.0,1.6221483056035154e-07,0.0,1.3919780942766618e-06,1.5541929248370134e-06,Canada,CAN,,gcp,northamerica-northeast2,Linux-6.8.0-1032-gcp-x86_64-with-glibc2.35,3.10.12,3.0.4,2,Intel(R) Xeon(R) CPU @ 2.60GHz,,,,,15.61648178100586,machine,Y,1.0
2025-08-07T10:50:59,dask-benchmark,6b9fe203-56ac-4ab8-8120-e5940d5ce7f6,dask_R1729_0fa92701,1.0023510891478509,7.235211184983103e-08,7.21824045817531e-08,1.0587464,0.0,10.0,1.4745790982481594e-07,0.0,1.391948725277972e-06,1.539406635102788e-06,Canada,CAN,,gcp,northamerica-northeast2,Linux-6.8.0-1032-gcp-x86_64-with-glibc2.35,3.10.12,3.0.4,2,Intel(R) Xeon(R) CPU @ 2.60GHz,,,,,15.61648178100586,machine,Y,1.0
2025-08-07T10:51:01,dask-benchmark,96c497ff-fbdb-4590-acf3-a268282b3bc9,dask_R1729_0fa92701,1.0023957858793435,7.193334947691284e-08,7.176142446948726e-08,0.9944,0.0,10.0,1.3850628676363788e-07,0.0,1.3919905106174864e-06,1.5304967973811243e-06,Canada,CAN,,gcp,northamerica-northeast2,Linux-6.8.0-1032-gcp-x86_64-with-glibc2.35,3.10.12,3.0.4,2,Intel(R) Xeon(R) CPU @ 2.60GHz,,,,,15.61648178100586,machine,Y,1.0
2025-08-07T10:51:04,dask-benchmark,65301e08-6369-4cc6-aaa3-7ff8797c6669,dask_R1729_0fa92701,1.0021887659095228,7.142504375420645e-08,7.126905248173043e-08,0.9165987944,0.0,10.0,1.2766543171272282e-07,0.0,1.3920163502916694e-06,1.5196817820043923e-06,Canada,CAN,,gcp,northamerica-northeast2,Linux-6.8.0-1032-gcp-x86_64-with-glibc2.35,3.10.12,3.0.4,2,Intel(R) Xeon(R) CPU @ 2.60GHz,,,,,15.61648178100586,machine,Y,1.0
2025-08-07T10:51:06,dask-benchmark,000ed68e-b8a2-498e-84d6-f354dc57518f,dask_R1729_0fa92701,1.0024506929330528,7.117946591243278e-08,7.100545334970047e-08,0.8787755456,0.0,10.0,1.224073545706799e-07,0.0,1.3920493669704432e-06,1.514456721541123e-06,Canada,CAN,,gcp,northamerica-northeast2,Linux-6.8.0-1032-gcp-x86_64-with-glibc2.35,3.10.12,3.0.4,2,Intel(R) Xeon(R) CPU @ 2.60GHz,,,,,15.61648178100586,machine,Y,1.0
2025-08-07T10:51:08,dask-benchmark,c04a73a8-42a7-455f-85a3-61892f9ad200,dask_R1729_0fa92701,1.002416452858597,7.098397921765394e-08,7.081286327177542e-08,0.8493848,0.0,10.0,1.1830676949894888e-07,0.0,1.391990660663901e-06,1.51029743016285e-06,Canada,CAN,,gcp,northamerica-northeast2,Linux-6.8.0-1032-gcp-x86_64-with-glibc2.35,3.10.12,3.0.4,2,Intel(R) Xeon(R) CPU @ 2.60GHz,,,,,15.61648178100586,machine,Y,1.0
2025-08-07T10:51:10,dask-benchmark,51698f13-ba85-4ce9-af38-97dbd737e7dc,dask_R1729_0fa92701,1.0036372740287334,7.077739733808613e-08,7.05208935235897e-08,0.8238172328000001,0.0,10.0,1.1467846509395961e-07,0.0,1.3912236059291495e-06,1.505902071023109e-06,Canada,CAN,,gcp,northamerica-northeast2,Linux-6.8.0-1032-gcp-x86_64-with-glibc2.35,3.10.12,3.0.4,2,Intel(R) Xeon(R) CPU @ 2.60GHz,,,,,15.61648178100586,machine,Y,1.0
2025-08-07T10:51:12,dask-benchmark,91b6ccc7-c719-440c-b5a7-3a9ea7b8623b,dask_R1729_0fa92701,1.0023629739880562,7.070460416070649e-08,7.053792487904582e-08,0.8072,0.0,10.0,1.1242758556822728e-07,0.0,1.3919256944468035e-06,1.5043532800150311e-06,Canada,CAN,,gcp,northamerica-northeast2,Linux-6.8.0-1032-gcp-x86_64-with-glibc2.35,3.10.12,3.0.4,2,Intel(R) Xeon(R) CPU @ 2.60GHz,,,,,15.61648178100586,machine,Y,1.0
2025-08-07T10:51:14,dask-benchmark,b6add740-5543-42ca-9486-750bfc1d5f20,dask_R1729_0fa92701,1.0020476828794926,7.118313192874699e-08,7.103766930950284e-08,0.8787755456,0.0,10.0,1.2240804414931668e-07,0.0,1.3921266777389165e-06,1.5145347218882332e-06,Canada,CAN,,gcp,northamerica-northeast2,Linux-6.8.0-1032-gcp-x86_64-with-glibc2.35,3.10.12,3.0.4,2,Intel(R) Xeon(R) CPU @ 2.60GHz,,,,,15.61648178100586,machine,Y,1.0
2025-08-07T10:51:17,dask-benchmark,6f7a11ca-2227-4b1f-beba-b17482ffaddd,dask_R1729_0fa92701,1.0024502649903295,7.20803990788421e-08,7.190421469890822e-08,1.0144952,0.0,10.0,1.4132195378364096e-07,0.0,1.3923035585321484e-06,1.5336255123157894e-06,Canada,CAN,,gcp,northamerica-northeast2,Linux-6.8.0-1032-gcp-x86_64-with-glibc2.35,3.10.12,3.0.4,2,Intel(R) Xeon(R) CPU @ 2.60GHz,,,,,15.61648178100586,machine,Y,1.0
2025-08-07T10:51:19,dask-benchmark,3792f21b-dd17-412c-ba93-e63de07a04ae,dask_R1729_0fa92701,1.002444869140163,7.193645951367638e-08,7.17610132269709e-08,0.9944,0.0,10.0,1.3851020143150045e-07,0.0,1.3920527669445922e-06,1.5305629683760927e-06,Canada,CAN,,gcp,northamerica-northeast2,Linux-6.8.0-1032-gcp-x86_64-with-glibc2.35,3.10.12,3.0.4,2,Intel(R) Xeon(R) CPU @ 2.60GHz,,,,,15.61648178100586,machine,Y,1.0
2025-08-07T10:51:21,dask-benchmark,82a29fed-0a8a-41b0-a9da-c3edfa4bc953,dask_R1729_0fa92701,1.0024911491200328,7.182058683363426e-08,7.164211564029963e-08,0.9756008,0.0,10.0,1.3590085572539205e-07,0.0,1.392196736479592e-06,1.528097592204984e-06,Canada,CAN,,gcp,northamerica-northeast2,Linux-6.8.0-1032-gcp-x86_64-with-glibc2.35,3.10.12,3.0.4,2,Intel(R) Xeon(R) CPU @ 2.60GHz,,,,,15.61648178100586,machine,Y,1.0
2025-08-07T10:51:23,dask-benchmark,d72e2ac1-073b-42c8-aa46-7e84163ad512,dask_R1729_0fa92701,1.0023999009281397,7.29777051698732e-08,7.2802985218077e-08,1.1530008512000005,0.0,10.0,1.606032424048357e-07,0.0,1.392113888869062e-06,1.5527171312738978e-06,Canada,CAN,,gcp,northamerica-northeast2,Linux-6.8.0-1032-gcp-x86_64-with-glibc2.35,3.10.12,3.0.4,2,Intel(R) Xeon(R) CPU @ 2.60GHz,,,,,15.61648178100586,machine,Y,1.0
2025-08-07T10:51:25,dask-benchmark,637274e7-cb2c-46d9-bf2e-150f7536ea88,dask_R1729_0fa92701,1.0024310569278896,7.235937759727797e-08,7.218389444061606e-08,1.0587464,0.0,10.0,1.4747566433324866e-07,0.0,1.3920855611407508e-06,1.5395612254739995e-06,Canada,CAN,,gcp,northamerica-northeast2,Linux-6.8.0-1032-gcp-x86_64-with-glibc2.35,3.10.12,3.0.4,2,Intel(R) Xeon(R) CPU @ 2.60GHz,,,,,15.61648178100586,machine,Y,1.0
2025-08-07T10:51:28,dask-benchmark,21412961-6726-48ac-b308-e29c9f978a30,dask_R1729_0fa92701,1.0024439350236207,7.184743962981447e-08,7.167227724124195e-08,0.9811070504,0.0,10.0,1.3665953123072754e-07,0.0,1.3920093970631972e-06,1.528668928293925e-06,Canada,CAN,,gcp,northamerica-northeast2,Linux-6.8.0-1032-gcp-x86_64-with-glibc2.35,3.10.12,3.0.4,2,Intel(R) Xeon(R) CPU @ 2.60GHz,,,,,15.61648178100586,machine,Y,1.0
2025-08-07T10:51:30,dask-benchmark,24a5ede9-f27e-4f18-acc8-279f3735d0e8,dask_R1729_0fa92701,1.002404772909358,7.158762882269894e-08,7.141588982554875e-08,0.9417176000000004,0.0,10.0,1.311653142027178e-07,0.0,1.3919757245781108e-06,1.5231410387808283e-06,Canada,CAN,,gcp,northamerica-northeast2,Linux-6.8.0-1032-gcp-x86_64-with-glibc2.35,3.10.12,3.0.4,2,Intel(R) Xeon(R) CPU @ 2.60GHz,,,,,15.61648178100586,machine,Y,1.0
2025-08-07T10:51:32,dask-benchmark,56301823-12bd-4ffc-88c9-8c9b0c84307c,dask_R1729_0fa92701,1.0025716780219227,7.123526177417977e-08,7.105253752502483e-08,0.8876024,0.0,10.0,1.2363429261580042e-07,0.0,1.3920095749199392e-06,1.5156438675357396e-06,Canada,CAN,,gcp,northamerica-northeast2,Linux-6.8.0-1032-gcp-x86_64-with-glibc2.35,3.10.12,3.0.4,2,Intel(R) Xeon(R) CPU @ 2.60GHz,,,,,15.61648178100586,machine,Y,1.0
2025-08-07T10:51:34,dask-benchmark,0918f5a1-3553-416f-9ec4-3569c4d58868,dask_R1729_0fa92701,1.0024301591329277,7.1049552628667e-08,7.087730948769813e-08,0.8576,0.0,10.0,1.1946297561128936e-07,0.0,1.3922296335092851e-06,1.5116926091205746e-06,Canada,CAN,,gcp,northamerica-northeast2,Linux-6.8.0-1032-gcp-x86_64-with-glibc2.35,3.10.12,3.0.4,2,Intel(R) Xeon(R) CPU @ 2.60GHz,,,,,15.61648178100586,machine,Y,1.0
